id,plateforme,auteur,texte
1,Reddit,u/fondateur_lyon,"Boîte de 8 personnes, on gère nos prospects dans un Google Sheet et on oublie la moitié des relances. Vous utilisez quoi comme CRM sans vous ruiner ?"
2,LinkedIn,Claire Dumont (Nuvola),"Ravie d'annoncer notre nouveau bureau à Lyon, l'équipe passe à 30 personnes. Merci à tous ceux qui nous ont fait confiance."
3,X,@thomas_growth,"HubSpot nous facture 1 200 € par mois pour 4 utilisateurs, on regarde ailleurs. Des retours sur Pipedrive ou Folk ?"
4,LinkedIn,Julien Barre (Vertigo Robotics),"Nous recrutons un ingénieur en vision par ordinateur, poste basé à Nantes, télétravail partiel. Candidatures en message privé."
5,Reddit,u/pme_normandie,Migration CRM terminée après trois semaines de galère et deux week-ends. Plus jamais je change d'outil.
6,X,@agence_propulse,"Notre agence lance sa propre offre de CRM pour TPE, 19 € par mois, lien en bio. Premier mois offert."
7,LinkedIn,Sophie Lang (Corvus Avocats),Cabinet de 12 avocats : on cherche un outil pour suivre nos prospects et nos relances sans passer par Excel. Recommandations bienvenues.
8,Reddit,u/dev_indep,"Un CRM c'est un tableur avec un joli design, personne ne me fera changer d'avis."
9,X,@marc_bellune,"On a perdu un gros devis parce que personne n'a relancé le client. Il nous faut un vrai suivi des affaires, on ne peut plus continuer comme ça."
10,LinkedIn,Ana Ribeiro (Groupe Aléa),Groupe de 200 personnes : on cherche à remplacer Salesforce par quelque chose de plus simple pour nos 40 commerciaux. Qui a déjà fait ce chemin ?
